{
    "feature_names": [
        "age",
        "sex",
        "cp",
        "trestbps",
        "chol",
        "fbs",
        "restecg",
        "thalach",
        "exang",
        "oldpeak",
        "slope",
        "ca",
        "thal"
    ],
    "weights": [
        0.2100174822275767,
        0.44066267052972874,
        0.690172102891445,
        0.07043309379587234,
        -0.47907611155998664,
        0.18560252904723307,
        0.049672441030691385,
        -0.29198638113880815,
        0.5012927930059835,
        0.5518364094397822,
        0.13715826342351267,
        0.49633832497655606,
        0.3650296221734615
    ],
    "intercept": 0.3940653453645318,
    "scaler_mean": [
        53.51086956521739,
        0.7891304347826087,
        3.25,
        131.99565217391304,
        199.90869565217392,
        0.15,
        0.6032608695652174,
        137.69239130434784,
        0.36630434782608695,
        0.8532608695652174,
        1.8478260869565217,
        0.22717391304347825,
        5.569565217391304
    ],
    "scaler_scale": [
        9.419561705414813,
        0.4079259634816343,
        0.9304627179877856,
        18.44126936734608,
        108.98089347118116,
        0.3570714214271425,
        0.8050048726501898,
        25.1315656949913,
        0.48179401468863436,
        1.0574735156470332,
        0.51572622094639,
        0.6285945781402325,
        1.3931305948985344
    ],
    "training_accuracy": 0.8228260869565217,
    "total_samples": 920
}