{"scaler_mean": [54.80578512396694, 0.6570247933884298, 2.090909090909091, 132.28925619834712, 245.6198347107438, 0.13636363636363635, 0.9917355371900827, 150.099173553719, 0.33884297520661155, 1.0355371900826447, 0.5950413223140496, 0.640495867768595, 1.8057851239669422], "scaler_scale": [9.091334512960985, 0.47470329076310497, 0.9875254992000195, 18.171332438411195, 48.163162116877736, 0.34317429251230686, 0.9958249022014594, 22.424494045602994, 0.4733163987859952, 1.18540431461707, 0.6176269220341614, 0.8947115987983206, 0.9488398762979369], "model_coef": [0.0673538557629744, 0.7094687873342471, 0.5069501843982042, 0.32542831992809035, 0.4287957702666031, -0.2593953458338636, 0.14272093814559145, -0.2992917555468146, 0.43429463854132083, 0.3416086017993293, 0.43685422923975503, 1.1450200159071962, 0.5009745949090585], "model_intercept": -0.2045332613580669}